{
  "accuracy": 0.985363303711448,
  "precision": 0.9924812030075187,
  "recall": 0.9777777777777777,
  "f1": 0.9850746268656716,
  "roc_auc": 0.9992610083519173
}